Nombre,Apellido,Edad,Email,Telefono
Sofía,Alvarez,49,lucía.sanchez82@gmail.com,011-4690-5019
Luis,Gonzalez,52,laura.gimenez85@outlook.com,011-4350-9748
Pedro,Perez,19,pedro.lopez66@gmail.com,011-4102-3567
Luis,Alvarez,45,andrés.diaz12@yahoo.com,011-4012-1079
Sofía,Gonzalez,54,pedro.martinez42@gmail.com,011-4092-3429
Andrés,Gimenez,29,sofía.gimenez7@gmail.com,011-4083-1852
Luis,Perez,34,carlos.rodriguez22@outlook.com,011-4187-4142
Carlos,Lopez,50,lucía.gimenez66@gmail.com,011-4439-4242
Andrés,Gonzalez,26,andrés.perez42@gmail.com,011-4091-7358
Andrés,Perez,55,jorge.sanchez15@gmail.com,011-4549-8215
Carlos,Diaz,41,luis.fernandez23@yahoo.com,011-4976-6396
Ana,Diaz,47,luis.gimenez8@outlook.com,011-4392-8675
Laura,Diaz,63,luis.sanchez79@yahoo.com,011-4414-8541
Sofía,Martinez,65,pedro.perez49@outlook.com,011-4980-4793
Lucía,Perez,43,jorge.lopez7@gmail.com,011-4831-4302
Sofía,Sanchez,20,carlos.gimenez46@gmail.com,011-4090-8445
Carlos,Sanchez,57,pedro.fernandez5@gmail.com,011-4734-1118
Ana,Alvarez,23,andrés.rodriguez29@gmail.com,011-4004-3842
Andrés,Gimenez,42,lucía.rodriguez49@hotmail.com,011-4834-3343
Laura,Sanchez,44,carlos.fernandez96@gmail.com,011-4087-6751
Sofía,Gonzalez,28,sofía.gimenez73@gmail.com,011-4660-9506
Laura,Diaz,31,laura.lopez26@yahoo.com,011-4840-7283
María,Gonzalez,58,lucía.diaz22@outlook.com,011-4965-9944
Pedro,Fernandez,28,ana.alvarez76@gmail.com,011-4847-4254
Carlos,Fernandez,52,andrés.rodriguez78@gmail.com,011-4929-7619
Sofía,Martinez,53,luis.alvarez7@hotmail.com,011-4572-9400
Ana,Rodriguez,33,jorge.gonzalez47@yahoo.com,011-4551-1005
Andrés,Martinez,42,maría.martinez67@hotmail.com,011-4413-7615
Ana,Rodriguez,38,maría.gonzalez60@outlook.com,011-4301-9691
Pedro,Fernandez,61,carlos.gonzalez73@outlook.com,011-4257-2546
